{
    "num_vehicles": 3,
    "locations": [
        [
            41.1477091141312,
            -8.66762490994829
        ],
        [
            41.1472276569054,
            -8.61695947381185
        ],
        [
            41.1603899766079,
            -8.61154716723056
        ],
        [
            41.145583351365,
            -8.61488889380098
        ],
        [
            41.1488184731304,
            -8.61047208496171
        ],
        [
            41.146449828873,
            -8.63057067529257
        ],
        [
            41.1485277935595,
            -8.64755552460623
        ],
        [
            41.1796443826163,
            -8.62434868951143
        ],
        [
            41.1523560226214,
            -8.65210707261166
        ],
        [
            41.1600004000265,
            -8.68162790785629
        ],
        [
            41.1526388557557,
            -8.63369445588376
        ],
        [
            41.1518678017635,
            -8.60711493965863
        ],
        [
            41.1674217687502,
            -8.68912660556088
        ],
        [
            41.1776721975149,
            -8.62337646457094
        ],
        [
            41.1739166682503,
            -8.61319441005714
        ],
        [
            41.1518055810922,
            -8.66805554799815
        ]
    ],
    "objective": 182519,
    "total_distance": 3719,
    "routes": [
        [
            3,
            5,
            6,
            0
        ],
        [
            4,
            2,
            14,
            13,
            7
        ],
        [
            11,
            1,
            10,
            8,
            15,
            9,
            12
        ]
    ],
    "distances": [
        933,
        998,
        1788
    ],
    "loads": null,
    "depot": null,
    "run_time": 55774,
    "qpu_access_time": null,
    "local_run_time": 59045,
    "location_names": [
        "PASSEIO ALEGRE",
        "CARMO",
        "HOSP. S.TA MARIA",
        "CL\u00c9RIGOS",
        "AV. ALIADOS",
        "IGREJA DE MASSARELOS",
        "OURO",
        "STA. LUZIA (NORTE)",
        "PALMEIRAS",
        "MOLHE",
        "G\u00d3LGOTA",
        "BOLH\u00c3O",
        "CASTELO DO QUEIJO",
        "STA. LUZIA",
        "CINTURA INTERNA",
        "PADRE LUIS CABRAL"
    ],
    "distance_unit": "SECONDS",
    "use_depot": false,
    "capacities": null,
    "use_capacity": false
}