{
  "num_vehicles": 1,
  "locations": [
    [
      41.1477091141312,
      -8.66762490994829
    ],
    [
      41.145583351365,
      -8.61488889380098
    ],
    [
      41.1483888916822,
      -8.63699997576471
    ],
    [
      41.1471944553566,
      -8.66024993713102
    ],
    [
      41.1484389034476,
      -8.64106159434004
    ],
    [
      41.146449828873,
      -8.63057067529257
    ],
    [
      41.1485277935595,
      -8.64755552460623
    ],
    [
      41.1456443017332,
      -8.62437619515052
    ],
    [
      41.1485797049366,
      -8.6537039612532
    ],
    [
      41.1459999840936,
      -8.62069442125385
    ],
    [
      41.146408867454,
      -8.61743694258477
    ],
    [
      41.1472147275853,
      -8.63291896593299
    ],
    [
      41.1456442135867,
      -8.62865393211318
    ],
    [
      41.1483055398399,
      -8.64433332041503
    ],
    [
      41.1481111382884,
      -8.66522216437558
    ]
  ],
  "objective": 151500,
  "total_distance": 1500,
  "routes": [
    [
      1,
      10,
      9,
      7,
      12,
      5,
      11,
      2,
      4,
      13,
      6,
      8,
      3,
      14,
      0
    ]
  ],
  "distances": [
    1500
  ],
  "loads": null,
  "depot": null,
  "run_time": 4127,
  "qpu_access_time": null,
  "local_run_time": 6122,
  "location_names": [
    "PASSEIO ALEGRE",
    "CL\u00c9RIGOS",
    "BICALHO",
    "D.LEONOR",
    "PONTE ARR\u00c1BIDA",
    "IGREJA DE MASSARELOS",
    "OURO",
    "PAL\u00c1CIO",
    "FLUVIAL",
    "VIRIATO",
    "CORDOARIA",
    "MUSEU C. EL\u00c9CTRICO",
    "ENTRE QUINTAS",
    "ENCOSTA DA ARR\u00c1BIDA",
    "CANTAREIRA"
  ],
  "distance_unit": "SECONDS",
  "use_depot": false,
  "capacities": null,
  "use_capacity": false
}