{
    "num_vehicles": 4,
    "locations": [
        [
            41.1472276569054,
            -8.61695947381185
        ],
        [
            41.1828921092331,
            -8.60052355775418
        ],
        [
            41.1754999619678,
            -8.60022216202211
        ],
        [
            41.1695679670666,
            -8.59648701391737
        ],
        [
            41.16678870262,
            -8.59393830601288
        ],
        [
            41.1631052472004,
            -8.5904444863076
        ],
        [
            41.1551019069059,
            -8.59543679464357
        ],
        [
            41.1489716624836,
            -8.60169381222657
        ],
        [
            41.1480419423716,
            -8.608387290426
        ],
        [
            41.1513578336407,
            -8.62115246916688
        ],
        [
            41.1578819204124,
            -8.62209452283992
        ],
        [
            41.1665226280822,
            -8.6249948004954
        ],
        [
            41.1752546185943,
            -8.62758669572453
        ],
        [
            41.1766974211769,
            -8.62076893251198
        ],
        [
            41.176714084595,
            -8.61134219283112
        ],
        [
            41.1838044114954,
            -8.60940372690547
        ],
        [
            41.1486110729034,
            -8.59878464572987
        ],
        [
            41.1475811967699,
            -8.60912607741907
        ],
        [
            41.1534444227942,
            -8.62633327866578
        ],
        [
            41.159527837135,
            -8.62529360542566
        ],
        [
            41.1622691915732,
            -8.61606058694031
        ],
        [
            41.1612083684573,
            -8.60857664243589
        ],
        [
            41.1578928769503,
            -8.60181302293654
        ],
        [
            41.1532499566326,
            -8.60027774459115
        ]
    ],
    "objective": 2000005863.0,
    "total_distance": 2000005863,
    "routes": [
        [
            0,
            8,
            0
        ],
        [
            0,
            9,
            10,
            11,
            12,
            13,
            14,
            15,
            1,
            2,
            3,
            4,
            5,
            6,
            7,
            0
        ],
        [
            0,
            17,
            0
        ],
        [
            0,
            18,
            19,
            20,
            21,
            22,
            23,
            16,
            0
        ]
    ],
    "distances": [
        476,
        1000003113,
        470,
        1000001804
    ],
    "loads": null,
    "depot": 0,
    "run_time": 6878275,
    "qpu_access_time": null,
    "local_run_time": 6882615,
    "location_names": [
        "CARMO",
        "HOSP. S. JO\u00c3O (URG\u00caNCIA)",
        "FACULDADE DE ECONOMIA",
        "SALGUEIROS",
        "SILVA TAPADA",
        "MONTE AVENTINO",
        "BARROS LIMA",
        "D. JO\u00c3O IV",
        "PR. D. JO\u00c3O I",
        "MATERNIDADE",
        "CAROLINA MICHAELIS",
        "CARVALHIDO",
        "PARQUE DA PRELADA",
        "BR. DO AMIAL",
        "ALMEIDA VALENTE",
        "S. TOM\u00c9",
        "CAMPO 24 DE AGOSTO",
        "PR. D. JO\u00c3O I",
        "PR. DA GALIZA",
        "CRUZ VERMELHA",
        "MONTE CATIVO",
        "FARIA GUIMAR\u00c3ES",
        "S.TO ISIDRO",
        "SANTOS POUSADA"
    ],
    "distance_unit": "SECONDS",
    "use_depot": true,
    "capacities": null,
    "use_capacity": false
}