{
    "num_vehicles": 1,
    "locations": [
        [
            41.1483046015824,
            -8.61276347355207
        ],
        [
            41.1828921092331,
            -8.60052355775418
        ],
        [
            41.1790833201085,
            -8.5987499771748
        ],
        [
            41.1731946145799,
            -8.59895627630344
        ],
        [
            41.1695679670666,
            -8.59648701391737
        ],
        [
            41.1683413634114,
            -8.59239479154192
        ],
        [
            41.1653326460882,
            -8.59271927192388
        ],
        [
            41.1631052472004,
            -8.5904444863076
        ],
        [
            41.1573698952623,
            -8.59411627578937
        ],
        [
            41.1515854289193,
            -8.59745626331974
        ],
        [
            41.1489716624836,
            -8.60169381222657
        ],
        [
            41.1494314903451,
            -8.607622804986
        ],
        [
            41.1472276569054,
            -8.61695947381185
        ],
        [
            41.1497565574623,
            -8.62029347012526
        ],
        [
            41.1532766433145,
            -8.62094038536173
        ],
        [
            41.1578819204124,
            -8.62209452283992
        ],
        [
            41.1623099476185,
            -8.62468918474945
        ],
        [
            41.1693205099808,
            -8.62556391256732
        ],
        [
            41.1752546185943,
            -8.62758669572453
        ],
        [
            41.1773683747384,
            -8.62475089953243
        ],
        [
            41.1777851655039,
            -8.61906089348722
        ],
        [
            41.176714084595,
            -8.61134219283112
        ],
        [
            41.1817816316492,
            -8.60929058960363
        ],
        [
            41.1839151435425,
            -8.60438677565646
        ],
        [
            41.1486110729034,
            -8.59878464572987
        ],
        [
            41.1466110703925,
            -8.60469448708929
        ],
        [
            41.1483046015824,
            -8.61276347355207
        ],
        [
            41.1472276569054,
            -8.61695947381185
        ],
        [
            41.1495118251151,
            -8.62553157155577
        ],
        [
            41.156403474422,
            -8.62792954663119
        ],
        [
            41.159527837135,
            -8.62529360542566
        ],
        [
            41.1616388919336,
            -8.62030553577466
        ],
        [
            41.1620281407091,
            -8.61410885460019
        ],
        [
            41.1612083684573,
            -8.60857664243589
        ],
        [
            41.1597499496897,
            -8.60244439934204
        ],
        [
            41.1553610799353,
            -8.60277780513672
        ],
        [
            41.1532499566326,
            -8.60027774459115
        ]
    ],
    "objective": 6378.0,
    "total_distance": 6378,
    "routes": [
        [
            0,
            11,
            10,
            9,
            8,
            7,
            6,
            5,
            4,
            3,
            2,
            1,
            23,
            22,
            21,
            20,
            19,
            18,
            17,
            16,
            15,
            14,
            13,
            27,
            28,
            29,
            30,
            31,
            32,
            33,
            34,
            35,
            36,
            24,
            25,
            26,
            12,
            0
        ]
    ],
    "distances": [
        6378
    ],
    "loads": null,
    "depot": 0,
    "run_time": 5684536,
    "qpu_access_time": null,
    "local_run_time": 5694534,
    "location_names": [
        "PR.FILIPA DE LENCASTRE",
        "HOSP. S. JO\u00c3O (URG\u00caNCIA)",
        "FACULDADE DE ENGENHARIA",
        "MANUEL LARANJEIRA",
        "SALGUEIROS",
        "COSTA CABRAL",
        "DIOGO C\u00c3O",
        "MONTE AVENTINO",
        "ESC.SOARES DOS REIS",
        "NAVE",
        "D. JO\u00c3O IV",
        "MERCADO DO BOLH\u00c3O",
        "CARMO",
        "MIGUEL BOMBARDA",
        "TORRINHA",
        "CAROLINA MICHAELIS",
        "QUINTA AMARELA",
        "HOSP. PRELADA",
        "PARQUE DA PRELADA",
        "STA. LUZIA",
        "MIOS\u00d3TIS",
        "ALMEIDA VALENTE",
        "ILHA BRAVA",
        "IPO (CIRCUNVAL.)",
        "CAMPO 24 DE AGOSTO",
        "COLISEU DO PORTO",
        "PR.FILIPA DE LENCASTRE",
        "CARMO",
        "PAL\u00c1CIO",
        "BOAVISTA - B.SUCESSO",
        "CRUZ VERMELHA",
        "MARRACUENE",
        "CLUBE T\u00c9NIS PORTO",
        "FARIA GUIMAR\u00c3ES",
        "R. DA ALEGRIA",
        "ESCOLA NORMAL",
        "SANTOS POUSADA"
    ],
    "distance_unit": "SECONDS",
    "use_depot": true,
    "capacities": null,
    "use_capacity": false
}