{
    "num_vehicles": 1,
    "locations": [
        [
            41.1486110729034,
            -8.59878464572987
        ],
        [
            41.1473889111185,
            -8.60166667238201
        ],
        [
            41.1466110703925,
            -8.60469448708929
        ],
        [
            41.1475811967699,
            -8.60912607741907
        ],
        [
            41.1483046015824,
            -8.61276347355207
        ],
        [
            41.1475602128653,
            -8.61476664888298
        ],
        [
            41.1472276569054,
            -8.61695947381185
        ],
        [
            41.1477660933285,
            -8.6224501585514
        ],
        [
            41.1495118251151,
            -8.62553157155577
        ],
        [
            41.1534444227942,
            -8.62633327866578
        ],
        [
            41.156403474422,
            -8.62792954663119
        ],
        [
            41.1581179209701,
            -8.62783762828396
        ],
        [
            41.159527837135,
            -8.62529360542566
        ],
        [
            41.1603055542089,
            -8.62208327081041
        ],
        [
            41.1616388919336,
            -8.62030553577466
        ],
        [
            41.1622691915732,
            -8.61606058694031
        ],
        [
            41.1620281407091,
            -8.61410885460019
        ],
        [
            41.1616201051046,
            -8.61097088960214
        ],
        [
            41.1612083684573,
            -8.60857664243589
        ],
        [
            41.160711869173,
            -8.60600321642519
        ],
        [
            41.1597499496897,
            -8.60244439934204
        ],
        [
            41.1578928769503,
            -8.60181302293654
        ],
        [
            41.1553610799353,
            -8.60277780513672
        ],
        [
            41.1537777673496,
            -8.60341669811921
        ],
        [
            41.1532499566326,
            -8.60027774459115
        ],
        [
            41.1508333457869,
            -8.6002221870917
        ]
    ],
    "objective": 2580.0,
    "total_distance": 2580,
    "routes": [
        [
            0,
            25,
            24,
            23,
            22,
            21,
            20,
            19,
            18,
            17,
            16,
            15,
            14,
            13,
            12,
            11,
            10,
            9,
            8,
            7,
            6,
            5,
            4,
            3,
            2,
            1,
            0
        ]
    ],
    "distances": [
        2580
    ],
    "loads": null,
    "depot": 0,
    "run_time": 5395192,
    "qpu_access_time": null,
    "local_run_time": 5400214,
    "location_names": [
        "CAMPO 24 DE AGOSTO",
        "LARGO DO PADR\u00c3O",
        "COLISEU DO PORTO",
        "PR. D. JO\u00c3O I",
        "PR.FILIPA DE LENCASTRE",
        "GUIL. G. FERNANDES",
        "CARMO",
        "HOSP. ST. ANT\u00d3NIO",
        "PAL\u00c1CIO",
        "PR. DA GALIZA",
        "BOAVISTA - B.SUCESSO",
        "BOAVISTA CORREIOS",
        "CRUZ VERMELHA",
        "RAMADA ALTA",
        "MARRACUENE",
        "MONTE CATIVO",
        "CLUBE T\u00c9NIS PORTO",
        "ANTERO DE QUENTAL",
        "FARIA GUIMAR\u00c3ES",
        "MARQU\u00caS",
        "R. DA ALEGRIA",
        "S.TO ISIDRO",
        "ESCOLA NORMAL",
        "MOREIRA",
        "SANTOS POUSADA",
        "MOREDA"
    ],
    "distance_unit": "SECONDS",
    "use_depot": true,
    "capacities": null,
    "use_capacity": false
}