{
    "num_vehicles": 1,
    "locations": [
        [
            41.165063341024,
            -8.55722805166063
        ],
        [
            41.1570708790605,
            -8.51599248615023
        ],
        [
            41.1910277341427,
            -8.5216944398509
        ]
    ],
    "objective": 1545,
    "total_distance": 1545,
    "routes": [
        [
            0,
            2,
            1,
            0
        ]
    ],
    "distances": [
        1545
    ],
    "loads": null,
    "depot": 0,
    "run_time": 862,
    "qpu_access_time": null,
    "local_run_time": 4009,
    "location_names": [
        "0",
        "1",
        "2"
    ],
    "distance_unit": "SECONDS",
    "use_depot": true,
    "capacities": null,
    "use_capacity": false
}