{
    "num_vehicles": 1,
    "locations": [
        [
            41.15228,
            -8.609299
        ],
        [
            41.14858,
            -8.610945
        ],
        [
            41.12967,
            -8.606116
        ],
        [
            41.1653,
            -8.598464
        ],
        [
            41.11966,
            -8.60623
        ],
        [
            41.15722,
            -8.609141
        ],
        [
            41.13387,
            -8.607489
        ],
        [
            41.18125,
            -8.604521
        ],
        [
            41.13764,
            -8.608646
        ],
        [
            41.12606,
            -8.605627
        ],
        [
            41.16112,
            -8.604272
        ],
        [
            41.17425,
            -8.603607
        ],
        [
            41.16969,
            -8.598744
        ],
        [
            41.14494,
            -8.610815
        ],
        [
            41.18326,
            -8.60224
        ],
        [
            41.11555,
            -8.606555
        ]
    ],
    "objective": 163620,
    "total_distance": 1620,
    "routes": [
        [
            14,
            7,
            11,
            12,
            3,
            10,
            5,
            0,
            1,
            13,
            8,
            6,
            2,
            9,
            4,
            15
        ]
    ],
    "distances": [
        1620
    ],
    "loads": null,
    "depot": 16,
    "run_time": 8429,
    "qpu_access_time": null,
    "local_run_time": 11164,
    "location_names": [
        "Trindade",
        "Aliados",
        "C\u00e2mara Gaia",
        "Combatentes",
        "D. Jo\u00e3o II",
        "Faria Guimar\u00e3es",
        "General Torres",
        "IPO",
        "Jardim do Morro",
        "Jo\u00e3o de Deus",
        "Marqu\u00eas",
        "P\u00f3lo Universit\u00e1rio",
        "Salgueiros",
        "S\u00e3o Bento",
        "Hospital S\u00e3o Jo\u00e3o",
        "Santo Ov\u00eddio"
    ],
    "use_depot": false,
    "capacities": null,
    "use_capacity": false,
    "distance_unit": "SECONDS"
}