{
    "num_vehicles": 1,
    "locations": [
        [
            41.1488,
            -8.598349
        ],
        [
            41.18557,
            -8.545892
        ],
        [
            41.14978,
            -8.605901
        ],
        [
            41.18391,
            -8.691469
        ],
        [
            41.1807,
            -8.681227
        ],
        [
            41.18345,
            -8.553955
        ],
        [
            41.15054,
            -8.586245
        ],
        [
            41.15858,
            -8.622246
        ],
        [
            41.17982,
            -8.543604
        ],
        [
            41.16058,
            -8.628282
        ],
        [
            41.16571,
            -8.578639
        ],
        [
            41.16072,
            -8.582416
        ],
        [
            41.18577,
            -8.661189
        ],
        [
            41.1713,
            -8.542938
        ],
        [
            41.16555,
            -8.636347
        ],
        [
            41.1467,
            -8.592978
        ],
        [
            41.15711,
            -8.616723
        ],
        [
            41.17576,
            -8.56212
        ],
        [
            41.18017,
            -8.688553
        ],
        [
            41.18748,
            -8.693391
        ],
        [
            41.17077,
            -8.577317
        ],
        [
            41.17412,
            -8.573534
        ],
        [
            41.17911,
            -8.673546
        ],
        [
            41.18038,
            -8.666232
        ],
        [
            41.17296,
            -8.641766
        ],
        [
            41.17942,
            -8.560264
        ],
        [
            41.18821,
            -8.685123
        ],
        [
            41.1881,
            -8.654466
        ],
        [
            41.18242,
            -8.652149
        ],
        [
            41.15228,
            -8.609299
        ],
        [
            41.19024,
            -8.661037
        ],
        [
            41.17516,
            -8.541962
        ],
        [
            41.17725,
            -8.646498
        ],
        [
            41.36464,
            -8.745225
        ],
        [
            41.3404,
            -8.725555
        ],
        [
            41.34597,
            -8.728122
        ],
        [
            41.23301,
            -8.656593
        ],
        [
            41.20029,
            -8.655559
        ],
        [
            41.32122,
            -8.718681
        ],
        [
            41.21607,
            -8.654541
        ],
        [
            41.19416,
            -8.655771
        ],
        [
            41.25495,
            -8.668018
        ],
        [
            41.31508,
            -8.714209
        ],
        [
            41.29368,
            -8.699238
        ],
        [
            41.30049,
            -8.704004
        ],
        [
            41.28525,
            -8.693703
        ],
        [
            41.24623,
            -8.661807
        ],
        [
            41.36895,
            -8.749558
        ],
        [
            41.37812,
            -8.758081
        ],
        [
            41.35398,
            -8.735826
        ],
        [
            41.37346,
            -8.754122
        ],
        [
            41.33422,
            -8.720721
        ],
        [
            41.23825,
            -8.658212
        ],
        [
            41.3591,
            -8.73987
        ],
        [
            41.2703,
            -8.679515
        ],
        [
            41.21691,
            -8.640978
        ],
        [
            41.2007,
            -8.649703
        ],
        [
            41.26275,
            -8.616986
        ],
        [
            41.22234,
            -8.638996
        ],
        [
            41.23463,
            -8.623937
        ],
        [
            41.26891,
            -8.615387
        ],
        [
            41.25358,
            -8.628308
        ],
        [
            41.22902,
            -8.626897
        ],
        [
            41.20823,
            -8.647122
        ],
        [
            41.24397,
            -8.628555
        ],
        [
            41.14858,
            -8.610945
        ],
        [
            41.12967,
            -8.606116
        ],
        [
            41.1653,
            -8.598464
        ],
        [
            41.11966,
            -8.60623
        ],
        [
            41.15722,
            -8.609141
        ],
        [
            41.13387,
            -8.607489
        ],
        [
            41.18125,
            -8.604521
        ],
        [
            41.13764,
            -8.608646
        ],
        [
            41.12606,
            -8.605627
        ],
        [
            41.16112,
            -8.604272
        ],
        [
            41.17425,
            -8.603607
        ],
        [
            41.16969,
            -8.598744
        ],
        [
            41.14494,
            -8.610815
        ],
        [
            41.23708,
            -8.669442
        ],
        [
            41.23752,
            -8.665208
        ],
        [
            41.18326,
            -8.60224
        ],
        [
            41.11555,
            -8.606555
        ]
    ],
    "objective": -21.99999754,
    "total_distance": 2460,
    "routes": [
        [
            11,
            6,
            15,
            0,
            2,
            29,
            16,
            7,
            9,
            14,
            24,
            32,
            28,
            27,
            30,
            12,
            23,
            22,
            4,
            18,
            3,
            19,
            26
        ]
    ],
    "distances": [
        2460
    ],
    "loads": null,
    "depot": null,
    "run_time": 5668071,
    "qpu_access_time": null,
    "local_run_time": 5757203,